"Blog","Blog"
"Blog Post","Post do Blog"
"Blog Posts","Posts do Blog"
"Blog Category","Categoria de Blog"
"Blog Categories","Categorias de Blog"
"Blogger","Autor / Blogger"
"Bloggers","Autores / Bloggers"
"Blog Settings","Configurações do Blog"
"Title","Título"
"Published","Publicado"
"Published On","Publicado em"
"Route","Rota"
"Blog Intro","Introdução do Blog"
"Content Type","Tipo de Conteúdo"
"Content","Conteúdo"
"Content (Markdown)","Conteúdo (Markdown)"
"Content (HTML)","Conteúdo (HTML)"
"Email Sent","E-mail Enviado"
"Disable Comments","Desativar Comentários"
"Meta Description","Descrição Meta (SEO)"
"Meta Image","Imagem Meta (SEO)"
"Google Snippet Preview","Prévia do Snippet do Google"
"Meta Tags","Tags Meta"
"Read Time","Tempo de Leitura"
"Featured","Destaque"
"Hide CTA","Ocultar CTA"
"Meta Title","Título Meta"
"Enable Email Notification","Ativar Notificação por E-mail"
"Disable Likes","Desativar Curtidas"
"Short Name","Nome Curto"
"Full Name","Nome Completo"
"User","Usuário"
"Bio","Biografia"
"Avatar","Avatar"
"Blog Title","Título do Blog"
"Blog Introduction","Introdução do Blog"
"Enable Social Sharing","Ativar Compartilhamento Social"
"Show \"Call to Action\" in Blog","Exibir \"Chamada para Ação\" (CTA) no Blog"
"Call to Action","Chamada para Ação (CTA)"
"Subtitle","Subtítulo"
"CTA Label","Rótulo do CTA"
"CTA URL","URL do CTA"
"Rate Limits","Limites de Taxa"
"Comment limit","Limite de Comentários"
"Allow Guest to comment","Permitir Comentários de Visitantes"
"Browse by category","Navegar por Categoria"
"Like limit","Limite de Curtidas"
"Preview Image","Imagem de Prévia"
"Create New Blog","Criar Novo Blog"
"Blog in this Month","Blogs deste Mês"
"No comments yet","Nenhum comentário ainda"
"Not Published","Não Publicado"
"Nothing to show","Nada a exibir"
"Posts by {0}","Posts de {0}"
"Posts filed under {0}","Posts arquivados sob {0}"
"Publish","Publicar"
"Published on","Publicado em"
"Show all blogs","Exibir todos os blogs"
"Unpublish","Despublicar"
"View Blog Post","Visualizar Post do Blog"
"View Comment","Visualizar Comentário"
"You have received a ❤️ like on your blog post","Você recebeu uma curtida ❤️ no seu post do blog"
"A featured post must have a cover image","Um post em destaque deve ter uma imagem de capa"
"min read","min de leitura"
"1 comment","1 comentário"
"{0} comments","{0} comentários"
